Va,Vb,Vc,Ia,Ib,Ic,Distance,Resistance,Label
14471.2790380333,14471.3889111752,14471.4152612086,6.02284906135718,6.02888132748265,6.03536047485534,5,0.001,0
14471.2790380333,14471.3889111752,14471.4152612086,6.02284906135718,6.02888132748265,6.03536047485534,5,1.0,0
14471.2790380333,14471.3889111752,14471.4152612086,6.02284906135718,6.02888132748265,6.03536047485534,5,5.0,0
14471.2790380333,14471.3889111752,14471.4152612086,6.02284906135718,6.02888132748265,6.03536047485534,5,10.0,0
14471.2790380333,14471.3889111752,14471.4152612086,6.02284906135718,6.02888132748265,6.03536047485534,5,20.0,0
14471.2790380333,14471.3889111752,14471.4152612086,6.02284906135718,6.02888132748265,6.03536047485534,5,50.0,0
14471.2790380333,14471.3889111752,14471.4152612086,6.02284906135718,6.02888132748265,6.03536047485534,5,80.0,0
14471.2790380333,14471.3889111752,14471.4152612086,6.02284906135718,6.02888132748265,6.03536047485534,5,100.0,0
14471.2804633187,14471.3904620377,14471.416802688,6.02312608250145,6.02917399686615,6.03565589897632,10,0.001,0
14471.2804633187,14471.3904620377,14471.416802688,6.02312608250145,6.02917399686615,6.03565589897632,10,1.0,0
14471.2804633187,14471.3904620377,14471.416802688,6.02312608250145,6.02917399686615,6.03565589897632,10,5.0,0
14471.2804633187,14471.3904620377,14471.416802688,6.02312608250145,6.02917399686615,6.03565589897632,10,10.0,0
14471.2804633187,14471.3904620377,14471.416802688,6.02312608250145,6.02917399686615,6.03565589897632,10,20.0,0
14471.2804633187,14471.3904620377,14471.416802688,6.02312608250145,6.02917399686615,6.03565589897632,10,50.0,0
14471.2804633187,14471.3904620377,14471.416802688,6.02312608250145,6.02917399686615,6.03565589897632,10,80.0,0
14471.2804633187,14471.3904620377,14471.416802688,6.02312608250145,6.02917399686615,6.03565589897632,10,100.0,0
14471.2817152341,14471.391833015,14471.4181646187,6.02336992214763,6.02943273312289,6.03591717738161,15,0.001,0
14471.2817152341,14471.391833015,14471.4181646187,6.02336992214763,6.02943273312289,6.03591717738161,15,1.0,0
14471.2817152341,14471.391833015,14471.4181646187,6.02336992214763,6.02943273312289,6.03591717738161,15,5.0,0
14471.2817152341,14471.391833015,14471.4181646187,6.02336992214763,6.02943273312289,6.03591717738161,15,10.0,0
14471.2817152341,14471.391833015,14471.4181646187,6.02336992214763,6.02943273312289,6.03591717738161,15,20.0,0
14471.2817152341,14471.391833015,14471.4181646187,6.02336992214763,6.02943273312289,6.03591717738161,15,50.0,0
14471.2817152341,14471.391833015,14471.4181646187,6.02336992214763,6.02943273312289,6.03591717738161,15,80.0,0
14471.2817152341,14471.391833015,14471.4181646187,6.02336992214763,6.02943273312289,6.03591717738161,15,100.0,0
14471.2827933016,14471.3930236032,14471.4193465068,6.0235804809943,6.02965743400227,6.03614420812716,20,0.001,0
14471.2827933016,14471.3930236032,14471.4193465068,6.0235804809943,6.02965743400227,6.03614420812716,20,1.0,0
14471.2827933016,14471.3930236032,14471.4193465068,6.0235804809943,6.02965743400227,6.03614420812716,20,5.0,0
14471.2827933016,14471.3930236032,14471.4193465068,6.0235804809943,6.02965743400227,6.03614420812716,20,10.0,0
14471.2827933016,14471.3930236032,14471.4193465068,6.0235804809943,6.02965743400227,6.03614420812716,20,20.0,0
14471.2827933016,14471.3930236032,14471.4193465068,6.0235804809943,6.02965743400227,6.03614420812716,20,50.0,0
14471.2827933016,14471.3930236032,14471.4193465068,6.0235804809943,6.02965743400227,6.03614420812716,20,80.0,0
14471.2827933016,14471.3930236032,14471.4193465068,6.0235804809943,6.02965743400227,6.03614420812716,20,100.0,0
14471.2836970616,14471.3940333177,14471.4203478773,6.02375766413961,6.02984800177363,6.03633689379528,25,0.001,0
14471.2836970616,14471.3940333177,14471.4203478773,6.02375766413961,6.02984800177363,6.03633689379528,25,1.0,0
14471.2836970616,14471.3940333177,14471.4203478773,6.02375766413961,6.02984800177363,6.03633689379528,25,5.0,0
14471.2836970616,14471.3940333177,14471.4203478773,6.02375766413961,6.02984800177363,6.03633689379528,25,10.0,0
14471.2836970616,14471.3940333177,14471.4203478773,6.02375766413961,6.02984800177363,6.03633689379528,25,20.0,0
14471.2836970616,14471.3940333177,14471.4203478773,6.02375766413961,6.02984800177363,6.03633689379528,25,50.0,0
14471.2836970616,14471.3940333177,14471.4203478773,6.02375766413961,6.02984800177363,6.03633689379528,25,80.0,0
14471.2836970616,14471.3940333177,14471.4203478773,6.02375766413961,6.02984800177363,6.03633689379528,25,100.0,0
14471.2844260713,14471.3948616923,14471.4211682732,6.02390138107126,6.03000434321614,6.03649514148459,30,0.001,0
14471.2844260713,14471.3948616923,14471.4211682732,6.02390138107126,6.03000434321614,6.03649514148459,30,1.0,0
14471.2844260713,14471.3948616923,14471.4211682732,6.02390138107126,6.03000434321614,6.03649514148459,30,5.0,0
14471.2844260713,14471.3948616923,14471.4211682732,6.02390138107126,6.03000434321614,6.03649514148459,30,10.0,0
14471.2844260713,14471.3948616923,14471.4211682732,6.02390138107126,6.03000434321614,6.03649514148459,30,20.0,0
14471.2844260713,14471.3948616923,14471.4211682732,6.02390138107126,6.03000434321614,6.03649514148459,30,50.0,0
14471.2844260713,14471.3948616923,14471.4211682732,6.02390138107126,6.03000434321614,6.03649514148459,30,80.0,0
14471.2844260713,14471.3948616923,14471.4211682732,6.02390138107126,6.03000434321614,6.03649514148459,30,100.0,0
14471.2849799061,14471.3955082796,14471.4218072558,6.02401154565689,6.03012636960981,6.03661886280139,35,0.001,0
14471.2849799061,14471.3955082796,14471.4218072558,6.02401154565689,6.03012636960981,6.03661886280139,35,1.0,0
14471.2849799061,14471.3955082796,14471.4218072558,6.02401154565689,6.03012636960981,6.03661886280139,35,5.0,0
14471.2849799061,14471.3955082796,14471.4218072558,6.02401154565689,6.03012636960981,6.03661886280139,35,10.0,0
14471.2849799061,14471.3955082796,14471.4218072558,6.02401154565689,6.03012636960981,6.03661886280139,35,20.0,0
14471.2849799061,14471.3955082796,14471.4218072558,6.02401154565689,6.03012636960981,6.03661886280139,35,50.0,0
14471.2849799061,14471.3955082796,14471.4218072558,6.02401154565689,6.03012636960981,6.03661886280139,35,80.0,0
14471.2849799061,14471.3955082796,14471.4218072558,6.02401154565689,6.03012636960981,6.03661886280139,35,100.0,0
14471.2853581583,14471.3959726511,14471.4222644046,6.02408807613535,6.0302139967276,6.03670797385139,40,0.001,0
14471.2853581583,14471.3959726511,14471.4222644046,6.02408807613535,6.0302139967276,6.03670797385139,40,1.0,0
14471.2853581583,14471.3959726511,14471.4222644046,6.02408807613535,6.0302139967276,6.03670797385139,40,5.0,0
14471.2853581583,14471.3959726511,14471.4222644046,6.02408807613535,6.0302139967276,6.03670797385139,40,10.0,0
14471.2853581583,14471.3959726511,14471.4222644046,6.02408807613535,6.0302139967276,6.03670797385139,40,20.0,0
14471.2853581583,14471.3959726511,14471.4222644046,6.02408807613535,6.0302139967276,6.03670797385139,40,50.0,0
14471.2853581583,14471.3959726511,14471.4222644046,6.02408807613535,6.0302139967276,6.03670797385139,40,80.0,0
14471.2853581583,14471.3959726511,14471.4222644046,6.02408807613535,6.0302139967276,6.03670797385139,40,100.0,0
14471.2855604374,14471.3962543962,14471.4225393171,6.02413089510951,6.0302671448283,6.03676239523229,45,0.001,0
14471.2855604374,14471.3962543962,14471.4225393171,6.02413089510951,6.0302671448283,6.03676239523229,45,1.0,0
14471.2855604374,14471.3962543962,14471.4225393171,6.02413089510951,6.0302671448283,6.03676239523229,45,5.0,0
14471.2855604374,14471.3962543962,14471.4225393171,6.02413089510951,6.0302671448283,6.03676239523229,45,10.0,0
14471.2855604374,14471.3962543962,14471.4225393171,6.02413089510951,6.0302671448283,6.03676239523229,45,20.0,0
14471.2855604374,14471.3962543962,14471.4225393171,6.02413089510951,6.0302671448283,6.03676239523229,45,50.0,0
14471.2855604374,14471.3962543962,14471.4225393171,6.02413089510951,6.0302671448283,6.03676239523229,45,80.0,0
14471.2855604374,14471.3962543962,14471.4225393171,6.02413089510951,6.0302671448283,6.03676239523229,45,100.0,0
14471.2855863704,14471.3963531231,14471.4226316088,6.02413992953887,6.03028573864979,6.0367820520273,50,0.001,0
14471.2855863704,14471.3963531231,14471.4226316088,6.02413992953887,6.03028573864979,6.0367820520273,50,1.0,0
14471.2855863704,14471.3963531231,14471.4226316088,6.02413992953887,6.03028573864979,6.0367820520273,50,5.0,0
14471.2855863704,14471.3963531231,14471.4226316088,6.02413992953887,6.03028573864979,6.0367820520273,50,10.0,0
14471.2855863704,14471.3963531231,14471.4226316088,6.02413992953887,6.03028573864979,6.0367820520273,50,20.0,0
14471.2855863704,14471.3963531231,14471.4226316088,6.02413992953887,6.03028573864979,6.0367820520273,50,50.0,0
14471.2855863704,14471.3963531231,14471.4226316088,6.02413992953887,6.03028573864979,6.0367820520273,50,80.0,0
14471.2855863704,14471.3963531231,14471.4226316088,6.02413992953887,6.03028573864979,6.0367820520273,50,100.0,0
14471.2854356009,14471.3962684583,14471.4225409129,6.02411511073391,6.03026970740383,6.03676687379995,55,0.001,0
14471.2854356009,14471.3962684583,14471.4225409129,6.02411511073391,6.03026970740383,6.03676687379995,55,1.0,0
14471.2854356009,14471.3962684583,14471.4225409129,6.02411511073391,6.03026970740383,6.03676687379995,55,5.0,0
14471.2854356009,14471.3962684583,14471.4225409129,6.02411511073391,6.03026970740383,6.03676687379995,55,10.0,0
14471.2854356009,14471.3962684583,14471.4225409129,6.02411511073391,6.03026970740383,6.03676687379995,55,20.0,0
14471.2854356009,14471.3962684583,14471.4225409129,6.02411511073391,6.03026970740383,6.03676687379995,55,50.0,0
14471.2854356009,14471.3962684583,14471.4225409129,6.02411511073391,6.03026970740383,6.03676687379995,55,80.0,0
14471.2854356009,14471.3962684583,14471.4225409129,6.02411511073391,6.03026970740383,6.03676687379995,55,100.0,0
14471.2851077899,14471.3960000464,14471.4222668805,6.02405637435113,6.03021898477177,6.0367167945886,60,0.001,0
14471.2851077899,14471.3960000464,14471.4222668805,6.02405637435113,6.03021898477177,6.0367167945886,60,1.0,0
14471.2851077899,14471.3960000464,14471.4222668805,6.02405637435113,6.03021898477177,6.0367167945886,60,5.0,0
14471.2851077899,14471.3960000464,14471.4222668805,6.02405637435113,6.03021898477177,6.0367167945886,60,10.0,0
14471.2851077899,14471.3960000464,14471.4222668805,6.02405637435113,6.03021898477177,6.0367167945886,60,20.0,0
14471.2851077899,14471.3960000464,14471.4222668805,6.02405637435113,6.03021898477177,6.0367167945886,60,50.0,0
14471.2851077899,14471.3960000464,14471.4222668805,6.02405637435113,6.03021898477177,6.0367167945886,60,80.0,0
14471.2851077899,14471.3960000464,14471.4222668805,6.02405637435113,6.03021898477177,6.0367167945886,60,100.0,0
14471.2846026151,14471.3955475503,14471.4218091805,6.02396366038836,6.03013350889993,6.03663175290362,65,0.001,0
14471.2846026151,14471.3955475503,14471.4218091805,6.02396366038836,6.03013350889993,6.03663175290362,65,1.0,0
14471.2846026151,14471.3955475503,14471.4218091805,6.02396366038836,6.03013350889993,6.03663175290362,65,5.0,0
14471.2846026151,14471.3955475503,14471.4218091805,6.02396366038836,6.03013350889993,6.03663175290362,65,10.0,0
14471.2846026151,14471.3955475503,14471.4218091805,6.02396366038836,6.03013350889993,6.03663175290362,65,20.0,0
14471.2846026151,14471.3955475503,14471.4218091805,6.02396366038836,6.03013350889993,6.03663175290362,65,50.0,0
14471.2846026151,14471.3955475503,14471.4218091805,6.02396366038836,6.03013350889993,6.03663175290362,65,80.0,0
14471.2846026151,14471.3955475503,14471.4218091805,6.02396366038836,6.03013350889993,6.03663175290362,65,100.0,0
14471.2839197711,14471.394910651,14471.4211674994,6.02383691318223,6.03001322239791,6.03651169172321,70,0.001,0
14471.2839197711,14471.394910651,14471.4211674994,6.02383691318223,6.03001322239791,6.03651169172321,70,1.0,0
14471.2839197711,14471.394910651,14471.4211674994,6.02383691318223,6.03001322239791,6.03651169172321,70,5.0,0
14471.2839197711,14471.394910651,14471.4211674994,6.02383691318223,6.03001322239791,6.03651169172321,70,10.0,0
14471.2839197711,14471.394910651,14471.4211674994,6.02383691318223,6.03001322239791,6.03651169172321,70,20.0,0
14471.2839197711,14471.394910651,14471.4211674994,6.02383691318223,6.03001322239791,6.03651169172321,70,50.0,0
14471.2839197711,14471.394910651,14471.4211674994,6.02383691318223,6.03001322239791,6.03651169172321,70,80.0,0
14471.2839197711,14471.394910651,14471.4211674994,6.02383691318223,6.03001322239791,6.03651169172321,70,100.0,0
14471.2830589695,14471.3940890477,14471.4203415413,6.02367608140476,6.02985807233583,6.03635655849227,75,0.001,0
14471.2830589695,14471.3940890477,14471.4203415413,6.02367608140476,6.02985807233583,6.03635655849227,75,1.0,0
14471.2830589695,14471.3940890477,14471.4203415413,6.02367608140476,6.02985807233583,6.03635655849227,75,5.0,0
14471.2830589695,14471.3940890477,14471.4203415413,6.02367608140476,6.02985807233583,6.03635655849227,75,10.0,0
14471.2830589695,14471.3940890477,14471.4203415413,6.02367608140476,6.02985807233583,6.03635655849227,75,20.0,0
14471.2830589695,14471.3940890477,14471.4203415413,6.02367608140476,6.02985807233583,6.03635655849227,75,50.0,0
14471.2830589695,14471.3940890477,14471.4203415413,6.02367608140476,6.02985807233583,6.03635655849227,75,80.0,0
14471.2830589695,14471.3940890477,14471.4203415413,6.02367608140476,6.02985807233583,6.03635655849227,75,100.0,0
14471.2820199385,14471.3930824574,14471.419331028,6.02348111806246,6.02966801024351,6.03616630512062,80,0.001,0
14471.2820199385,14471.3930824574,14471.419331028,6.02348111806246,6.02966801024351,6.03616630512062,80,1.0,0
14471.2820199385,14471.3930824574,14471.419331028,6.02348111806246,6.02966801024351,6.03616630512062,80,5.0,0
14471.2820199385,14471.3930824574,14471.419331028,6.02348111806246,6.02966801024351,6.03616630512062,80,10.0,0
14471.2820199385,14471.3930824574,14471.419331028,6.02348111806246,6.02966801024351,6.03616630512062,80,20.0,0
14471.2820199385,14471.3930824574,14471.419331028,6.02348111806246,6.02966801024351,6.03616630512062,80,50.0,0
14471.2820199385,14471.3930824574,14471.419331028,6.02348111806246,6.02966801024351,6.03616630512062,80,80.0,0
14471.2820199385,14471.3930824574,14471.419331028,6.02348111806246,6.02966801024351,6.03616630512062,80,100.0,0
14471.2808024231,14471.3918906155,14471.4181356987,6.02325198049518,6.02944299210999,6.03594088798246,85,0.001,0
14471.2808024231,14471.3918906155,14471.4181356987,6.02325198049518,6.02944299210999,6.03594088798246,85,1.0,0
14471.2808024231,14471.3918906155,14471.4181356987,6.02325198049518,6.02944299210999,6.03594088798246,85,5.0,0
14471.2808024231,14471.3918906155,14471.4181356987,6.02325198049518,6.02944299210999,6.03594088798246,85,10.0,0
14471.2808024231,14471.3918906155,14471.4181356987,6.02325198049518,6.02944299210999,6.03594088798246,85,20.0,0
14471.2808024231,14471.3918906155,14471.4181356987,6.02325198049518,6.02944299210999,6.03594088798246,85,50.0,0
14471.2808024231,14471.3918906155,14471.4181356987,6.02325198049518,6.02944299210999,6.03594088798246,85,80.0,0
14471.2808024231,14471.3918906155,14471.4181356987,6.02325198049518,6.02944299210999,6.03594088798246,85,100.0,0
14471.2794061852,14471.3905132752,14471.4167553104,6.0229886303768,6.02918297838478,6.03568026791693,90,0.001,0
14471.2794061852,14471.3905132752,14471.4167553104,6.0229886303768,6.02918297838478,6.03568026791693,90,1.0,0
14471.2794061852,14471.3905132752,14471.4167553104,6.0229886303768,6.02918297838478,6.03568026791693,90,5.0,0
14471.2794061852,14471.3905132752,14471.4167553104,6.0229886303768,6.02918297838478,6.03568026791693,90,10.0,0
14471.2794061852,14471.3905132752,14471.4167553104,6.0229886303768,6.02918297838478,6.03568026791693,90,20.0,0
14471.2794061852,14471.3905132752,14471.4167553104,6.0229886303768,6.02918297838478,6.03568026791693,90,50.0,0
14471.2794061852,14471.3905132752,14471.4167553104,6.0229886303768,6.02918297838478,6.03568026791693,90,80.0,0
14471.2794061852,14471.3905132752,14471.4167553104,6.0229886303768,6.02918297838478,6.03568026791693,90,100.0,0
14471.2778310032,14471.3889502078,14471.4151896375,6.0226910337156,6.02888793397847,6.03538441022969,95,0.001,0
14471.2778310032,14471.3889502078,14471.4151896375,6.0226910337156,6.02888793397847,6.03538441022969,95,1.0,0
14471.2778310032,14471.3889502078,14471.4151896375,6.0226910337156,6.02888793397847,6.03538441022969,95,5.0,0
14471.2778310032,14471.3889502078,14471.4151896375,6.0226910337156,6.02888793397847,6.03538441022969,95,10.0,0
14471.2778310032,14471.3889502078,14471.4151896375,6.0226910337156,6.02888793397847,6.03538441022969,95,20.0,0
14471.2778310032,14471.3889502078,14471.4151896375,6.0226910337156,6.02888793397847,6.03538441022969,95,50.0,0
14471.2778310032,14471.3889502078,14471.4151896375,6.0226910337156,6.02888793397847,6.03538441022969,95,80.0,0
14471.2778310032,14471.3889502078,14471.4151896375,6.0226910337156,6.02888793397847,6.03538441022969,95,100.0,0
14471.2785598998,14471.38859364,14471.4160009097,6.02281290100111,6.0288819509408,6.03540491447302,5,0.001,2
14471.2785598998,14471.38859364,14471.4160009097,6.02281290100111,6.0288819509408,6.03540491447302,5,1.0,2
14471.2785598998,14471.38859364,14471.4160009097,6.02281290100111,6.0288819509408,6.03540491447302,5,5.0,2
14471.2785598998,14471.38859364,14471.4160009097,6.02281290100111,6.0288819509408,6.03540491447302,5,10.0,2
14471.2785598998,14471.38859364,14471.4160009097,6.02281290100111,6.0288819509408,6.03540491447302,5,20.0,2
14471.2785598998,14471.38859364,14471.4160009097,6.02281290100111,6.0288819509408,6.03540491447302,5,50.0,2
14471.2785598998,14471.38859364,14471.4160009097,6.02281290100111,6.0288819509408,6.03540491447302,5,80.0,2
14471.2785598998,14471.38859364,14471.4160009097,6.02281290100111,6.0288819509408,6.03540491447302,5,100.0,2
14471.2800151513,14471.3901483518,14471.4175482493,6.02308870215053,6.02917446326202,6.03569989837453,10,0.001,2
14471.2800151513,14471.3901483518,14471.4175482493,6.02308870215053,6.02917446326202,6.03569989837453,10,1.0,2
14471.2800151513,14471.3901483518,14471.4175482493,6.02308870215053,6.02917446326202,6.03569989837453,10,5.0,2
14471.2800151513,14471.3901483518,14471.4175482493,6.02308870215053,6.02917446326202,6.03569989837453,10,10.0,2
14471.2800151513,14471.3901483518,14471.4175482493,6.02308870215053,6.02917446326202,6.03569989837453,10,20.0,2
14471.2800151513,14471.3901483518,14471.4175482493,6.02308870215053,6.02917446326202,6.03569989837453,10,50.0,2
14471.2800151513,14471.3901483518,14471.4175482493,6.02308870215053,6.02917446326202,6.03569989837453,10,80.0,2
14471.2800151513,14471.3901483518,14471.4175482493,6.02308870215053,6.02917446326202,6.03569989837453,10,100.0,2
14471.2812916446,14471.3915320234,14471.4189159245,6.02333226383962,6.02943317773801,6.03596113547675,15,0.001,2
14471.2812916446,14471.3915320234,14471.4189159245,6.02333226383962,6.02943317773801,6.03596113547675,15,1.0,2
14471.2812916446,14471.3915320234,14471.4189159245,6.02333226383962,6.02943317773801,6.03596113547675,15,5.0,2
14471.2812916446,14471.3915320234,14471.4189159245,6.02333226383962,6.02943317773801,6.03596113547675,15,10.0,2
14471.2812916446,14471.3915320234,14471.4189159245,6.02333226383962,6.02943317773801,6.03596113547675,15,20.0,2
14471.2812916446,14471.3915320234,14471.4189159245,6.02333226383962,6.02943317773801,6.03596113547675,15,50.0,2
14471.2812916446,14471.3915320234,14471.4189159245,6.02333226383962,6.02943317773801,6.03596113547675,15,80.0,2
14471.2812916446,14471.3915320234,14471.4189159245,6.02333226383962,6.02943317773801,6.03596113547675,15,100.0,2
14471.2823799434,14471.3927162287,14471.420118279,6.0235430060977,6.02965791990766,6.03618832422508,20,0.001,2
14471.2823799434,14471.3927162287,14471.420118279,6.0235430060977,6.02965791990766,6.03618832422508,20,1.0,2
14471.2823799434,14471.3927162287,14471.420118279,6.0235430060977,6.02965791990766,6.03618832422508,20,5.0,2
14471.2823799434,14471.3927162287,14471.420118279,6.0235430060977,6.02965791990766,6.03618832422508,20,10.0,2
14471.2823799434,14471.3927162287,14471.420118279,6.0235430060977,6.02965791990766,6.03618832422508,20,20.0,2
14471.2823799434,14471.3927162287,14471.420118279,6.0235430060977,6.02965791990766,6.03618832422508,20,50.0,2
14471.2823799434,14471.3927162287,14471.420118279,6.0235430060977,6.02965791990766,6.03618832422508,20,80.0,2
14471.2823799434,14471.3927162287,14471.420118279,6.0235430060977,6.02965791990766,6.03618832422508,20,100.0,2
14471.2832946755,14471.3937194401,14471.421139876,6.02372063897408,6.0298485595844,6.03638127794732,25,0.001,2
14471.2832946755,14471.3937194401,14471.421139876,6.02372063897408,6.0298485595844,6.03638127794732,25,1.0,2
14471.2832946755,14471.3937194401,14471.421139876,6.02372063897408,6.0298485595844,6.03638127794732,25,5.0,2
14471.2832946755,14471.3937194401,14471.421139876,6.02372063897408,6.0298485595844,6.03638127794732,25,10.0,2
14471.2832946755,14471.3937194401,14471.421139876,6.02372063897408,6.0298485595844,6.03638127794732,25,20.0,2
14471.2832946755,14471.3937194401,14471.421139876,6.02372063897408,6.0298485595844,6.03638127794732,25,50.0,2
14471.2832946755,14471.3937194401,14471.421139876,6.02372063897408,6.0298485595844,6.03638127794732,25,80.0,2
14471.2832946755,14471.3937194401,14471.421139876,6.02372063897408,6.0298485595844,6.03638127794732,25,100.0,2
14471.2840166078,14471.3945382618,14471.4219729139,6.02386471562504,6.03000496472558,6.03653975095105,30,0.001,2
14471.2840166078,14471.3945382618,14471.4219729139,6.02386471562504,6.03000496472558,6.03653975095105,30,1.0,2
14471.2840166078,14471.3945382618,14471.4219729139,6.02386471562504,6.03000496472558,6.03653975095105,30,5.0,2
14471.2840166078,14471.3945382618,14471.4219729139,6.02386471562504,6.03000496472558,6.03653975095105,30,10.0,2
14471.2840166078,14471.3945382618,14471.4219729139,6.02386471562504,6.03000496472558,6.03653975095105,30,20.0,2
14471.2840166078,14471.3945382618,14471.4219729139,6.02386471562504,6.03000496472558,6.03653975095105,30,50.0,2
14471.2840166078,14471.3945382618,14471.4219729139,6.02386471562504,6.03000496472558,6.03653975095105,30,80.0,2
14471.2840166078,14471.3945382618,14471.4219729139,6.02386471562504,6.03000496472558,6.03653975095105,30,100.0,2
14471.2845273181,14471.3951638871,14471.4226166475,6.02397470995162,6.03012700469929,6.03666347521584,35,0.001,2
14471.2845273181,14471.3951638871,14471.4226166475,6.02397470995162,6.03012700469929,6.03666347521584,35,1.0,2
14471.2845273181,14471.3951638871,14471.4226166475,6.02397470995162,6.03012700469929,6.03666347521584,35,5.0,2
14471.2845273181,14471.3951638871,14471.4226166475,6.02397470995162,6.03012700469929,6.03666347521584,35,10.0,2
14471.2845273181,14471.3951638871,14471.4226166475,6.02397470995162,6.03012700469929,6.03666347521584,35,20.0,2
14471.2845273181,14471.3951638871,14471.4226166475,6.02397470995162,6.03012700469929,6.03666347521584,35,50.0,2
14471.2845273181,14471.3951638871,14471.4226166475,6.02397470995162,6.03012700469929,6.03666347521584,35,80.0,2
14471.2845273181,14471.3951638871,14471.4226166475,6.02397470995162,6.03012700469929,6.03666347521584,35,100.0,2
14471.2849162149,14471.3956268449,14471.4230852335,6.02405186190057,6.03021471626274,6.03675290999753,40,0.001,2
14471.2849162149,14471.3956268449,14471.4230852335,6.02405186190057,6.03021471626274,6.03675290999753,40,1.0,2
14471.2849162149,14471.3956268449,14471.4230852335,6.02405186190057,6.03021471626274,6.03675290999753,40,5.0,2
14471.2849162149,14471.3956268449,14471.4230852335,6.02405186190057,6.03021471626274,6.03675290999753,40,10.0,2
14471.2849162149,14471.3956268449,14471.4230852335,6.02405186190057,6.03021471626274,6.03675290999753,40,20.0,2
14471.2849162149,14471.3956268449,14471.4230852335,6.02405186190057,6.03021471626274,6.03675290999753,40,50.0,2
14471.2849162149,14471.3956268449,14471.4230852335,6.02405186190057,6.03021471626274,6.03675290999753,40,80.0,2
14471.2849162149,14471.3956268449,14471.4230852335,6.02405186190057,6.03021471626274,6.03675290999753,40,100.0,2
14471.2851180047,14471.3959062507,14471.4233658527,6.02409509336148,6.03026792814451,6.03680756453752,45,0.001,2
14471.2851180047,14471.3959062507,14471.4233658527,6.02409509336148,6.03026792814451,6.03680756453752,45,1.0,2
14471.2851180047,14471.3959062507,14471.4233658527,6.02409509336148,6.03026792814451,6.03680756453752,45,5.0,2
14471.2851180047,14471.3959062507,14471.4233658527,6.02409509336148,6.03026792814451,6.03680756453752,45,10.0,2
14471.2851180047,14471.3959062507,14471.4233658527,6.02409509336148,6.03026792814451,6.03680756453752,45,20.0,2
14471.2851180047,14471.3959062507,14471.4233658527,6.02409509336148,6.03026792814451,6.03680756453752,45,50.0,2
14471.2851180047,14471.3959062507,14471.4233658527,6.02409509336148,6.03026792814451,6.03680756453752,45,80.0,2
14471.2851180047,14471.3959062507,14471.4233658527,6.02409509336148,6.03026792814451,6.03680756453752,45,100.0,2
14471.2851366688,14471.3960022226,14471.4234600141,6.02410433544926,6.03028656452193,6.0368273637033,50,0.001,2
14471.2851366688,14471.3960022226,14471.4234600141,6.02410433544926,6.03028656452193,6.0368273637033,50,1.0,2
14471.2851366688,14471.3960022226,14471.4234600141,6.02410433544926,6.03028656452193,6.0368273637033,50,5.0,2
14471.2851366688,14471.3960022226,14471.4234600141,6.02410433544926,6.03028656452193,6.0368273637033,50,10.0,2
14471.2851366688,14471.3960022226,14471.4234600141,6.02410433544926,6.03028656452193,6.0368273637033,50,20.0,2
14471.2851366688,14471.3960022226,14471.4234600141,6.02410433544926,6.03028656452193,6.0368273637033,50,50.0,2
14471.2851366688,14471.3960022226,14471.4234600141,6.02410433544926,6.03028656452193,6.0368273637033,50,80.0,2
14471.2851366688,14471.3960022226,14471.4234600141,6.02410433544926,6.03028656452193,6.0368273637033,50,100.0,2
14471.2849744643,14471.3959123031,14471.4233711336,6.02407961787499,6.03027055422872,6.03681227181236,55,0.001,2
14471.2849744643,14471.3959123031,14471.4233711336,6.02407961787499,6.03027055422872,6.03681227181236,55,1.0,2
14471.2849744643,14471.3959123031,14471.4233711336,6.02407961787499,6.03027055422872,6.03681227181236,55,5.0,2
14471.2849744643,14471.3959123031,14471.4233711336,6.02407961787499,6.03027055422872,6.03681227181236,55,10.0,2
14471.2849744643,14471.3959123031,14471.4233711336,6.02407961787499,6.03027055422872,6.03681227181236,55,20.0,2
14471.2849744643,14471.3959123031,14471.4233711336,6.02407961787499,6.03027055422872,6.03681227181236,55,50.0,2
14471.2849744643,14471.3959123031,14471.4233711336,6.02407961787499,6.03027055422872,6.03681227181236,55,80.0,2
14471.2849744643,14471.3959123031,14471.4233711336,6.02407961787499,6.03027055422872,6.03681227181236,55,100.0,2
14471.2846090377,14471.3956314774,14471.4230916668,6.0240201040444,6.03021974671416,6.0367618963325,60,0.001,2
14471.2846090377,14471.3956314774,14471.4230916668,6.0240201040444,6.03021974671416,6.0367618963325,60,1.0,2
14471.2846090377,14471.3956314774,14471.4230916668,6.0240201040444,6.03021974671416,6.0367618963325,60,5.0,2
14471.2846090377,14471.3956314774,14471.4230916668,6.0240201040444,6.03021974671416,6.0367618963325,60,10.0,2
14471.2846090377,14471.3956314774,14471.4230916668,6.0240201040444,6.03021974671416,6.0367618963325,60,20.0,2
14471.2846090377,14471.3956314774,14471.4230916668,6.0240201040444,6.03021974671416,6.0367618963325,60,50.0,2
14471.2846090377,14471.3956314774,14471.4230916668,6.0240201040444,6.03021974671416,6.0367618963325,60,80.0,2
14471.2846090377,14471.3956314774,14471.4230916668,6.0240201040444,6.03021974671416,6.0367618963325,60,100.0,2
14471.2840588834,14471.3951707638,14471.4226178614,6.02392602733382,6.03013408233145,6.03667628022147,65,0.001,2
14471.2840588834,14471.3951707638,14471.4226178614,6.02392602733382,6.03013408233145,6.03667628022147,65,1.0,2
14471.2840588834,14471.3951707638,14471.4226178614,6.02392602733382,6.03013408233145,6.03667628022147,65,5.0,2
14471.2840588834,14471.3951707638,14471.4226178614,6.02392602733382,6.03013408233145,6.03667628022147,65,10.0,2
14471.2840588834,14471.3951707638,14471.4226178614,6.02392602733382,6.03013408233145,6.03667628022147,65,20.0,2
14471.2840588834,14471.3951707638,14471.4226178614,6.02392602733382,6.03013408233145,6.03667628022147,65,50.0,2
14471.2840588834,14471.3951707638,14471.4226178614,6.02392602733382,6.03013408233145,6.03667628022147,65,80.0,2
14471.2840588834,14471.3951707638,14471.4226178614,6.02392602733382,6.03013408233145,6.03667628022147,65,100.0,2
14471.2834507145,14471.3945454317,14471.4220096935,6.02380264447035,6.03001426233391,6.03655773911537,70,0.001,2
14471.2834507145,14471.3945454317,14471.4220096935,6.02380264447035,6.03001426233391,6.03655773911537,70,1.0,2
14471.2834507145,14471.3945454317,14471.4220096935,6.02380264447035,6.03001426233391,6.03655773911537,70,5.0,2
14471.2834507145,14471.3945454317,14471.4220096935,6.02380264447035,6.03001426233391,6.03655773911537,70,10.0,2
14471.2834507145,14471.3945454317,14471.4220096935,6.02380264447035,6.03001426233391,6.03655773911537,70,20.0,2
14471.2834507145,14471.3945454317,14471.4220096935,6.02380264447035,6.03001426233391,6.03655773911537,70,50.0,2
14471.2834507145,14471.3945454317,14471.4220096935,6.02380264447035,6.03001426233391,6.03655773911537,70,80.0,2
14471.2834507145,14471.3945454317,14471.4220096935,6.02380264447035,6.03001426233391,6.03655773911537,70,100.0,2
14471.2825689048,14471.3937156997,14471.421183373,6.02364134420362,6.02985910031893,6.03640245386099,75,0.001,2
14471.2825689048,14471.3937156997,14471.421183373,6.02364134420362,6.02985910031893,6.03640245386099,75,1.0,2
14471.2825689048,14471.3937156997,14471.421183373,6.02364134420362,6.02985910031893,6.03640245386099,75,5.0,2
14471.2825689048,14471.3937156997,14471.421183373,6.02364134420362,6.02985910031893,6.03640245386099,75,10.0,2
14471.2825689048,14471.3937156997,14471.421183373,6.02364134420362,6.02985910031893,6.03640245386099,75,20.0,2
14471.2825689048,14471.3937156997,14471.421183373,6.02364134420362,6.02985910031893,6.03640245386099,75,50.0,2
14471.2825689048,14471.3937156997,14471.421183373,6.02364134420362,6.02985910031893,6.03640245386099,75,80.0,2
14471.2825689048,14471.3937156997,14471.421183373,6.02364134420362,6.02985910031893,6.03640245386099,75,100.0,2
14471.2815295652,14471.3927067478,14471.4201765225,6.02344679781542,6.029669081944,6.03621239420268,80,0.001,2
14471.2815295652,14471.3927067478,14471.4201765225,6.02344679781542,6.029669081944,6.03621239420268,80,1.0,2
14471.2815295652,14471.3927067478,14471.4201765225,6.02344679781542,6.029669081944,6.03621239420268,80,5.0,2
14471.2815295652,14471.3927067478,14471.4201765225,6.02344679781542,6.029669081944,6.03621239420268,80,10.0,2
14471.2815295652,14471.3927067478,14471.4201765225,6.02344679781542,6.029669081944,6.03621239420268,80,20.0,2
14471.2815295652,14471.3927067478,14471.4201765225,6.02344679781542,6.029669081944,6.03621239420268,80,50.0,2
14471.2815295652,14471.3927067478,14471.4201765225,6.02344679781542,6.029669081944,6.03621239420268,80,80.0,2
14471.2815295652,14471.3927067478,14471.4201765225,6.02344679781542,6.029669081944,6.03621239420268,80,100.0,2
14471.2803057986,14471.3915135566,14471.4189802965,6.02321763094873,6.02944408306998,6.03598699306883,85,0.001,2
14471.2803057986,14471.3915135566,14471.4189802965,6.02321763094873,6.02944408306998,6.03598699306883,85,1.0,2
14471.2803057986,14471.3915135566,14471.4189802965,6.02321763094873,6.02944408306998,6.03598699306883,85,5.0,2
14471.2803057986,14471.3915135566,14471.4189802965,6.02321763094873,6.02944408306998,6.03598699306883,85,10.0,2
14471.2803057986,14471.3915135566,14471.4189802965,6.02321763094873,6.02944408306998,6.03598699306883,85,20.0,2
14471.2803057986,14471.3915135566,14471.4189802965,6.02321763094873,6.02944408306998,6.03598699306883,85,50.0,2
14471.2803057986,14471.3915135566,14471.4189802965,6.02321763094873,6.02944408306998,6.03598699306883,85,80.0,2
14471.2803057986,14471.3915135566,14471.4189802965,6.02321763094873,6.02944408306998,6.03598699306883,85,100.0,2
14471.278905447,14471.390134285,14471.4176006952,6.02295442087946,6.02918409299365,6.03572644715832,90,0.001,2
14471.278905447,14471.390134285,14471.4176006952,6.02295442087946,6.02918409299365,6.03572644715832,90,1.0,2
14471.278905447,14471.390134285,14471.4176006952,6.02295442087946,6.02918409299365,6.03572644715832,90,5.0,2
14471.278905447,14471.390134285,14471.4176006952,6.02295442087946,6.02918409299365,6.03572644715832,90,10.0,2
14471.278905447,14471.390134285,14471.4176006952,6.02295442087946,6.02918409299365,6.03572644715832,90,20.0,2
14471.278905447,14471.390134285,14471.4176006952,6.02295442087946,6.02918409299365,6.03572644715832,90,50.0,2
14471.278905447,14471.390134285,14471.4176006952,6.02295442087946,6.02918409299365,6.03572644715832,90,80.0,2
14471.278905447,14471.390134285,14471.4176006952,6.02295442087946,6.02918409299365,6.03572644715832,90,100.0,2
14471.2773240162,14471.3885678035,14471.4160362265,6.0226569113651,6.02888905421375,6.03543062869856,95,0.001,2
14471.2773240162,14471.3885678035,14471.4160362265,6.0226569113651,6.02888905421375,6.03543062869856,95,1.0,2
14471.2773240162,14471.3885678035,14471.4160362265,6.0226569113651,6.02888905421375,6.03543062869856,95,5.0,2
14471.2773240162,14471.3885678035,14471.4160362265,6.0226569113651,6.02888905421375,6.03543062869856,95,10.0,2
14471.2773240162,14471.3885678035,14471.4160362265,6.0226569113651,6.02888905421375,6.03543062869856,95,20.0,2
14471.2773240162,14471.3885678035,14471.4160362265,6.0226569113651,6.02888905421375,6.03543062869856,95,50.0,2
14471.2773240162,14471.3885678035,14471.4160362265,6.0226569113651,6.02888905421375,6.03543062869856,95,80.0,2
14471.2773240162,14471.3885678035,14471.4160362265,6.0226569113651,6.02888905421375,6.03543062869856,95,100.0,2
14427.0649395622,14471.8725670191,14471.8529410758,143.165503099523,6.06769426154939,6.06850358379091,5,0.001,1
14427.0649395622,14471.8725670191,14471.8529410758,143.165503099523,6.06769426154939,6.06850358379091,5,1.0,1
14427.0649395622,14471.8725670191,14471.8529410758,143.165503099523,6.06769426154939,6.06850358379091,5,5.0,1
14427.0649395622,14471.8725670191,14471.8529410758,143.165503099523,6.06769426154939,6.06850358379091,5,10.0,1
14427.0649395622,14471.8725670191,14471.8529410758,143.165503099523,6.06769426154939,6.06850358379091,5,20.0,1
14427.0649395622,14471.8725670191,14471.8529410758,143.165503099523,6.06769426154939,6.06850358379091,5,50.0,1
14427.0649395622,14471.8725670191,14471.8529410758,143.165503099523,6.06769426154939,6.06850358379091,5,80.0,1
14427.0649395622,14471.8725670191,14471.8529410758,143.165503099523,6.06769426154939,6.06850358379091,5,100.0,1
14433.1611733221,14471.6112000405,14471.5979517947,107.816033479916,6.05212433579907,6.05321625373142,10,0.001,1
14433.1611733221,14471.6112000405,14471.5979517947,107.816033479916,6.05212433579907,6.05321625373142,10,1.0,1
14433.1611733221,14471.6112000405,14471.5979517947,107.816033479916,6.05212433579907,6.05321625373142,10,5.0,1
14433.1611733221,14471.6112000405,14471.5979517947,107.816033479916,6.05212433579907,6.05321625373142,10,10.0,1
14433.1611733221,14471.6112000405,14471.5979517947,107.816033479916,6.05212433579907,6.05321625373142,10,20.0,1
14433.1611733221,14471.6112000405,14471.5979517947,107.816033479916,6.05212433579907,6.05321625373142,10,50.0,1
14433.1611733221,14471.6112000405,14471.5979517947,107.816033479916,6.05212433579907,6.05321625373142,10,80.0,1
14433.1611733221,14471.6112000405,14471.5979517947,107.816033479916,6.05212433579907,6.05321625373142,10,100.0,1
14438.3616667501,14471.4951287748,14471.4848436996,86.5421402784112,6.04231269673595,6.04351252028708,15,0.001,1
14438.3616667501,14471.4951287748,14471.4848436996,86.5421402784112,6.04231269673595,6.04351252028708,15,1.0,1
14438.3616667501,14471.4951287748,14471.4848436996,86.5421402784112,6.04231269673595,6.04351252028708,15,5.0,1
14438.3616667501,14471.4951287748,14471.4848436996,86.5421402784112,6.04231269673595,6.04351252028708,15,10.0,1
14438.3616667501,14471.4951287748,14471.4848436996,86.5421402784112,6.04231269673595,6.04351252028708,15,20.0,1
14438.3616667501,14471.4951287748,14471.4848436996,86.5421402784112,6.04231269673595,6.04351252028708,15,50.0,1
14438.3616667501,14471.4951287748,14471.4848436996,86.5421402784112,6.04231269673595,6.04351252028708,15,80.0,1
14438.3616667501,14471.4951287748,14471.4848436996,86.5421402784112,6.04231269673595,6.04351252028708,15,100.0,1
14442.5371972359,14471.4292292448,14471.4202495539,72.3180500690896,6.03507439388396,6.03630669566501,20,0.001,1
14442.5371972359,14471.4292292448,14471.4202495539,72.3180500690896,6.03507439388396,6.03630669566501,20,1.0,1
14442.5371972359,14471.4292292448,14471.4202495539,72.3180500690896,6.03507439388396,6.03630669566501,20,5.0,1
14442.5371972359,14471.4292292448,14471.4202495539,72.3180500690896,6.03507439388396,6.03630669566501,20,10.0,1
14442.5371972359,14471.4292292448,14471.4202495539,72.3180500690896,6.03507439388396,6.03630669566501,20,20.0,1
14442.5371972359,14471.4292292448,14471.4202495539,72.3180500690896,6.03507439388396,6.03630669566501,20,50.0,1
14442.5371972359,14471.4292292448,14471.4202495539,72.3180500690896,6.03507439388396,6.03630669566501,20,80.0,1
14442.5371972359,14471.4292292448,14471.4202495539,72.3180500690896,6.03507439388396,6.03630669566501,20,100.0,1
14445.8197221748,14471.4035808783,14471.3946675869,62.1366975978001,6.03166408708314,6.03280455318732,25,0.001,1
14445.8197221748,14471.4035808783,14471.3946675869,62.1366975978001,6.03166408708314,6.03280455318732,25,1.0,1
14445.8197221748,14471.4035808783,14471.3946675869,62.1366975978001,6.03166408708314,6.03280455318732,25,5.0,1
14445.8197221748,14471.4035808783,14471.3946675869,62.1366975978001,6.03166408708314,6.03280455318732,25,10.0,1
14445.8197221748,14471.4035808783,14471.3946675869,62.1366975978001,6.03166408708314,6.03280455318732,25,20.0,1
14445.8197221748,14471.4035808783,14471.3946675869,62.1366975978001,6.03166408708314,6.03280455318732,25,50.0,1
14445.8197221748,14471.4035808783,14471.3946675869,62.1366975978001,6.03166408708314,6.03280455318732,25,80.0,1
14445.8197221748,14471.4035808783,14471.3946675869,62.1366975978001,6.03166408708314,6.03280455318732,25,100.0,1
14448.446843,14471.4042383407,14471.3958051765,54.4907944404689,6.03137217968818,6.03248969138199,30,0.001,1
14448.446843,14471.4042383407,14471.3958051765,54.4907944404689,6.03137217968818,6.03248969138199,30,1.0,1
14448.446843,14471.4042383407,14471.3958051765,54.4907944404689,6.03137217968818,6.03248969138199,30,5.0,1
14448.446843,14471.4042383407,14471.3958051765,54.4907944404689,6.03137217968818,6.03248969138199,30,10.0,1
14448.446843,14471.4042383407,14471.3958051765,54.4907944404689,6.03137217968818,6.03248969138199,30,20.0,1
14448.446843,14471.4042383407,14471.3958051765,54.4907944404689,6.03137217968818,6.03248969138199,30,50.0,1
14448.446843,14471.4042383407,14471.3958051765,54.4907944404689,6.03137217968818,6.03248969138199,30,80.0,1
14448.446843,14471.4042383407,14471.3958051765,54.4907944404689,6.03137217968818,6.03248969138199,30,100.0,1
14450.61352297,14471.3996388215,14471.3911195079,48.5403845955012,6.03074847135408,6.03184119236444,35,0.001,1
14450.61352297,14471.3996388215,14471.3911195079,48.5403845955012,6.03074847135408,6.03184119236444,35,1.0,1
14450.61352297,14471.3996388215,14471.3911195079,48.5403845955012,6.03074847135408,6.03184119236444,35,5.0,1
14450.61352297,14471.3996388215,14471.3911195079,48.5403845955012,6.03074847135408,6.03184119236444,35,10.0,1
14450.61352297,14471.3996388215,14471.3911195079,48.5403845955012,6.03074847135408,6.03184119236444,35,20.0,1
14450.61352297,14471.3996388215,14471.3911195079,48.5403845955012,6.03074847135408,6.03184119236444,35,50.0,1
14450.61352297,14471.3996388215,14471.3911195079,48.5403845955012,6.03074847135408,6.03184119236444,35,80.0,1
14450.61352297,14471.3996388215,14471.3911195079,48.5403845955012,6.03074847135408,6.03184119236444,35,100.0,1
14452.4103567717,14471.3968106025,14471.3883906088,43.7792943108027,6.03041861643625,6.03146913379717,40,0.001,1
14452.4103567717,14471.3968106025,14471.3883906088,43.7792943108027,6.03041861643625,6.03146913379717,40,1.0,1
14452.4103567717,14471.3968106025,14471.3883906088,43.7792943108027,6.03041861643625,6.03146913379717,40,5.0,1
14452.4103567717,14471.3968106025,14471.3883906088,43.7792943108027,6.03041861643625,6.03146913379717,40,10.0,1
14452.4103567717,14471.3968106025,14471.3883906088,43.7792943108027,6.03041861643625,6.03146913379717,40,20.0,1
14452.4103567717,14471.3968106025,14471.3883906088,43.7792943108027,6.03041861643625,6.03146913379717,40,50.0,1
14452.4103567717,14471.3968106025,14471.3883906088,43.7792943108027,6.03041861643625,6.03146913379717,40,80.0,1
14452.4103567717,14471.3968106025,14471.3883906088,43.7792943108027,6.03041861643625,6.03146913379717,40,100.0,1
14453.9227649691,14471.3957804733,14471.3873830874,39.8849289765304,6.03035640834528,6.03136165240408,45,0.001,1
14453.9227649691,14471.3957804733,14471.3873830874,39.8849289765304,6.03035640834528,6.03136165240408,45,1.0,1
14453.9227649691,14471.3957804733,14471.3873830874,39.8849289765304,6.03035640834528,6.03136165240408,45,5.0,1
14453.9227649691,14471.3957804733,14471.3873830874,39.8849289765304,6.03035640834528,6.03136165240408,45,10.0,1
14453.9227649691,14471.3957804733,14471.3873830874,39.8849289765304,6.03035640834528,6.03136165240408,45,20.0,1
14453.9227649691,14471.3957804733,14471.3873830874,39.8849289765304,6.03035640834528,6.03136165240408,45,50.0,1
14453.9227649691,14471.3957804733,14471.3873830874,39.8849289765304,6.03035640834528,6.03136165240408,45,80.0,1
14453.9227649691,14471.3957804733,14471.3873830874,39.8849289765304,6.03035640834528,6.03136165240408,45,100.0,1
14455.2106309581,14471.3958144039,14471.3873815116,36.6416065632371,6.03056988260766,6.03152698413947,50,0.001,1
14455.2106309581,14471.3958144039,14471.3873815116,36.6416065632371,6.03056988260766,6.03152698413947,50,1.0,1
14455.2106309581,14471.3958144039,14471.3873815116,36.6416065632371,6.03056988260766,6.03152698413947,50,5.0,1
14455.2106309581,14471.3958144039,14471.3873815116,36.6416065632371,6.03056988260766,6.03152698413947,50,10.0,1
14455.2106309581,14471.3958144039,14471.3873815116,36.6416065632371,6.03056988260766,6.03152698413947,50,20.0,1
14455.2106309581,14471.3958144039,14471.3873815116,36.6416065632371,6.03056988260766,6.03152698413947,50,50.0,1
14455.2106309581,14471.3958144039,14471.3873815116,36.6416065632371,6.03056988260766,6.03152698413947,50,80.0,1
14455.2106309581,14471.3958144039,14471.3873815116,36.6416065632371,6.03056988260766,6.03152698413947,50,100.0,1
14456.3190501346,14471.3965726543,14471.3880538523,33.899713413593,6.03105423457333,6.03196091631683,55,0.001,1
14456.3190501346,14471.3965726543,14471.3880538523,33.899713413593,6.03105423457333,6.03196091631683,55,1.0,1
14456.3190501346,14471.3965726543,14471.3880538523,33.899713413593,6.03105423457333,6.03196091631683,55,5.0,1
14456.3190501346,14471.3965726543,14471.3880538523,33.899713413593,6.03105423457333,6.03196091631683,55,10.0,1
14456.3190501346,14471.3965726543,14471.3880538523,33.899713413593,6.03105423457333,6.03196091631683,55,20.0,1
14456.3190501346,14471.3965726543,14471.3880538523,33.899713413593,6.03105423457333,6.03196091631683,55,50.0,1
14456.3190501346,14471.3965726543,14471.3880538523,33.899713413593,6.03105423457333,6.03196091631683,55,80.0,1
14456.3190501346,14471.3965726543,14471.3880538523,33.899713413593,6.03105423457333,6.03196091631683,55,100.0,1
14457.282964735,14471.3977505697,14471.3891307088,31.5522413177495,6.03171433299457,6.03257122479129,60,0.001,1
14457.282964735,14471.3977505697,14471.3891307088,31.5522413177495,6.03171433299457,6.03257122479129,60,1.0,1
14457.282964735,14471.3977505697,14471.3891307088,31.5522413177495,6.03171433299457,6.03257122479129,60,5.0,1
14457.282964735,14471.3977505697,14471.3891307088,31.5522413177495,6.03171433299457,6.03257122479129,60,10.0,1
14457.282964735,14471.3977505697,14471.3891307088,31.5522413177495,6.03171433299457,6.03257122479129,60,20.0,1
14457.282964735,14471.3977505697,14471.3891307088,31.5522413177495,6.03171433299457,6.03257122479129,60,50.0,1
14457.282964735,14471.3977505697,14471.3891307088,31.5522413177495,6.03171433299457,6.03257122479129,60,80.0,1
14457.282964735,14471.3977505697,14471.3891307088,31.5522413177495,6.03171433299457,6.03257122479129,60,100.0,1
14458.1282888296,14471.3988653798,14471.3898875258,29.5206434917717,6.0323983656906,6.03319945429064,65,0.001,1
14458.1282888296,14471.3988653798,14471.3898875258,29.5206434917717,6.0323983656906,6.03319945429064,65,1.0,1
14458.1282888296,14471.3988653798,14471.3898875258,29.5206434917717,6.0323983656906,6.03319945429064,65,5.0,1
14458.1282888296,14471.3988653798,14471.3898875258,29.5206434917717,6.0323983656906,6.03319945429064,65,10.0,1
14458.1282888296,14471.3988653798,14471.3898875258,29.5206434917717,6.0323983656906,6.03319945429064,65,20.0,1
14458.1282888296,14471.3988653798,14471.3898875258,29.5206434917717,6.0323983656906,6.03319945429064,65,50.0,1
14458.1282888296,14471.3988653798,14471.3898875258,29.5206434917717,6.0323983656906,6.03319945429064,65,80.0,1
14458.1282888296,14471.3988653798,14471.3898875258,29.5206434917717,6.0323983656906,6.03319945429064,65,100.0,1
14458.8734597054,14471.3988644994,14471.3897951095,27.7459408496642,6.03294616090356,6.03370848969328,70,0.001,1
14458.8734597054,14471.3988644994,14471.3897951095,27.7459408496642,6.03294616090356,6.03370848969328,70,1.0,1
14458.8734597054,14471.3988644994,14471.3897951095,27.7459408496642,6.03294616090356,6.03370848969328,70,5.0,1
14458.8734597054,14471.3988644994,14471.3897951095,27.7459408496642,6.03294616090356,6.03370848969328,70,10.0,1
14458.8734597054,14471.3988644994,14471.3897951095,27.7459408496642,6.03294616090356,6.03370848969328,70,20.0,1
14458.8734597054,14471.3988644994,14471.3897951095,27.7459408496642,6.03294616090356,6.03370848969328,70,50.0,1
14458.8734597054,14471.3988644994,14471.3897951095,27.7459408496642,6.03294616090356,6.03370848969328,70,80.0,1
14458.8734597054,14471.3988644994,14471.3897951095,27.7459408496642,6.03294616090356,6.03370848969328,70,100.0,1
14459.540800016,14471.3993891991,14471.3902952015,26.1830367125999,6.0333474635134,6.03407974274219,75,0.001,1
14459.540800016,14471.3993891991,14471.3902952015,26.1830367125999,6.0333474635134,6.03407974274219,75,1.0,1
14459.540800016,14471.3993891991,14471.3902952015,26.1830367125999,6.0333474635134,6.03407974274219,75,5.0,1
14459.540800016,14471.3993891991,14471.3902952015,26.1830367125999,6.0333474635134,6.03407974274219,75,10.0,1
14459.540800016,14471.3993891991,14471.3902952015,26.1830367125999,6.0333474635134,6.03407974274219,75,20.0,1
14459.540800016,14471.3993891991,14471.3902952015,26.1830367125999,6.0333474635134,6.03407974274219,75,50.0,1
14459.540800016,14471.3993891991,14471.3902952015,26.1830367125999,6.0333474635134,6.03407974274219,75,80.0,1
14459.540800016,14471.3993891991,14471.3902952015,26.1830367125999,6.0333474635134,6.03407974274219,75,100.0,1
14460.1388831135,14471.3986817047,14471.3893657946,24.7967363194615,6.03352390159752,6.03422973684028,80,0.001,1
14460.1388831135,14471.3986817047,14471.3893657946,24.7967363194615,6.03352390159752,6.03422973684028,80,1.0,1
14460.1388831135,14471.3986817047,14471.3893657946,24.7967363194615,6.03352390159752,6.03422973684028,80,5.0,1
14460.1388831135,14471.3986817047,14471.3893657946,24.7967363194615,6.03352390159752,6.03422973684028,80,10.0,1
14460.1388831135,14471.3986817047,14471.3893657946,24.7967363194615,6.03352390159752,6.03422973684028,80,20.0,1
14460.1388831135,14471.3986817047,14471.3893657946,24.7967363194615,6.03352390159752,6.03422973684028,80,50.0,1
14460.1388831135,14471.3986817047,14471.3893657946,24.7967363194615,6.03352390159752,6.03422973684028,80,80.0,1
14460.1388831135,14471.3986817047,14471.3893657946,24.7967363194615,6.03352390159752,6.03422973684028,80,100.0,1
14460.6789466752,14471.3979035205,14471.3884895343,23.5592322737841,6.03350763800106,6.0341912948124,85,0.001,1
14460.6789466752,14471.3979035205,14471.3884895343,23.5592322737841,6.03350763800106,6.0341912948124,85,1.0,1
14460.6789466752,14471.3979035205,14471.3884895343,23.5592322737841,6.03350763800106,6.0341912948124,85,5.0,1
14460.6789466752,14471.3979035205,14471.3884895343,23.5592322737841,6.03350763800106,6.0341912948124,85,10.0,1
14460.6789466752,14471.3979035205,14471.3884895343,23.5592322737841,6.03350763800106,6.0341912948124,85,20.0,1
14460.6789466752,14471.3979035205,14471.3884895343,23.5592322737841,6.03350763800106,6.0341912948124,85,50.0,1
14460.6789466752,14471.3979035205,14471.3884895343,23.5592322737841,6.03350763800106,6.0341912948124,85,80.0,1
14460.6789466752,14471.3979035205,14471.3884895343,23.5592322737841,6.03350763800106,6.0341912948124,85,100.0,1
14461.1690025712,14471.3966949303,14471.3871944794,22.4483007793828,6.03332308898966,6.03398907622721,90,0.001,1
14461.1690025712,14471.3966949303,14471.3871944794,22.4483007793828,6.03332308898966,6.03398907622721,90,1.0,1
14461.1690025712,14471.3966949303,14471.3871944794,22.4483007793828,6.03332308898966,6.03398907622721,90,5.0,1
14461.1690025712,14471.3966949303,14471.3871944794,22.4483007793828,6.03332308898966,6.03398907622721,90,10.0,1
14461.1690025712,14471.3966949303,14471.3871944794,22.4483007793828,6.03332308898966,6.03398907622721,90,20.0,1
14461.1690025712,14471.3966949303,14471.3871944794,22.4483007793828,6.03332308898966,6.03398907622721,90,50.0,1
14461.1690025712,14471.3966949303,14471.3871944794,22.4483007793828,6.03332308898966,6.03398907622721,90,80.0,1
14461.1690025712,14471.3966949303,14471.3871944794,22.4483007793828,6.03332308898966,6.03398907622721,90,100.0,1
14461.61571365,14471.3951248362,14471.385536896,21.445903219423,6.03300088354794,6.03365189317205,95,0.001,1
14461.61571365,14471.3951248362,14471.385536896,21.445903219423,6.03300088354794,6.03365189317205,95,1.0,1
14461.61571365,14471.3951248362,14471.385536896,21.445903219423,6.03300088354794,6.03365189317205,95,5.0,1
14461.61571365,14471.3951248362,14471.385536896,21.445903219423,6.03300088354794,6.03365189317205,95,10.0,1
14461.61571365,14471.3951248362,14471.385536896,21.445903219423,6.03300088354794,6.03365189317205,95,20.0,1
14461.61571365,14471.3951248362,14471.385536896,21.445903219423,6.03300088354794,6.03365189317205,95,50.0,1
14461.61571365,14471.3951248362,14471.385536896,21.445903219423,6.03300088354794,6.03365189317205,95,80.0,1
14461.61571365,14471.3951248362,14471.385536896,21.445903219423,6.03300088354794,6.03365189317205,95,100.0,1
14427.0642741787,14471.8725451607,14471.8529246179,143.170607631906,6.06769294640262,6.06850256058353,5,0.001,3
14427.0642741787,14471.8725451607,14471.8529246179,143.170607631906,6.06769294640262,6.06850256058353,5,1.0,3
14427.0642741787,14471.8725451607,14471.8529246179,143.170607631906,6.06769294640262,6.06850256058353,5,5.0,3
14427.0642741787,14471.8725451607,14471.8529246179,143.170607631906,6.06769294640262,6.06850256058353,5,10.0,3
14427.0642741787,14471.8725451607,14471.8529246179,143.170607631906,6.06769294640262,6.06850256058353,5,20.0,3
14427.0642741787,14471.8725451607,14471.8529246179,143.170607631906,6.06769294640262,6.06850256058353,5,50.0,3
14427.0642741787,14471.8725451607,14471.8529246179,143.170607631906,6.06769294640262,6.06850256058353,5,80.0,3
14427.0642741787,14471.8725451607,14471.8529246179,143.170607631906,6.06769294640262,6.06850256058353,5,100.0,3
14433.1605056323,14471.6111431513,14471.59789646,107.818697436014,6.05211953413967,6.05321157523085,10,0.001,3
14433.1605056323,14471.6111431513,14471.59789646,107.818697436014,6.05211953413967,6.05321157523085,10,1.0,3
14433.1605056323,14471.6111431513,14471.59789646,107.818697436014,6.05211953413967,6.05321157523085,10,5.0,3
14433.1605056323,14471.6111431513,14471.59789646,107.818697436014,6.05211953413967,6.05321157523085,10,10.0,3
14433.1605056323,14471.6111431513,14471.59789646,107.818697436014,6.05211953413967,6.05321157523085,10,20.0,3
14433.1605056323,14471.6111431513,14471.59789646,107.818697436014,6.05211953413967,6.05321157523085,10,50.0,3
14433.1605056323,14471.6111431513,14471.59789646,107.818697436014,6.05211953413967,6.05321157523085,10,80.0,3
14433.1605056323,14471.6111431513,14471.59789646,107.818697436014,6.05211953413967,6.05321157523085,10,100.0,3
14438.3612342268,14471.4951256572,14471.4848405117,86.5437944752811,6.04231241565278,6.04351226070968,15,0.001,3
14438.3612342268,14471.4951256572,14471.4848405117,86.5437944752811,6.04231241565278,6.04351226070968,15,1.0,3
14438.3612342268,14471.4951256572,14471.4848405117,86.5437944752811,6.04231241565278,6.04351226070968,15,5.0,3
14438.3612342268,14471.4951256572,14471.4848405117,86.5437944752811,6.04231241565278,6.04351226070968,15,10.0,3
14438.3612342268,14471.4951256572,14471.4848405117,86.5437944752811,6.04231241565278,6.04351226070968,15,20.0,3
14438.3612342268,14471.4951256572,14471.4848405117,86.5437944752811,6.04231241565278,6.04351226070968,15,50.0,3
14438.3612342268,14471.4951256572,14471.4848405117,86.5437944752811,6.04231241565278,6.04351226070968,15,80.0,3
14438.3612342268,14471.4951256572,14471.4848405117,86.5437944752811,6.04231241565278,6.04351226070968,15,100.0,3
14442.5369126634,14471.4292392183,14471.4202588575,72.3191820829001,6.03507547225452,6.03630774903387,20,0.001,3
14442.5369126634,14471.4292392183,14471.4202588575,72.3191820829001,6.03507547225452,6.03630774903387,20,1.0,3
14442.5369126634,14471.4292392183,14471.4202588575,72.3191820829001,6.03507547225452,6.03630774903387,20,5.0,3
14442.5369126634,14471.4292392183,14471.4202588575,72.3191820829001,6.03507547225452,6.03630774903387,20,10.0,3
14442.5369126634,14471.4292392183,14471.4202588575,72.3191820829001,6.03507547225452,6.03630774903387,20,20.0,3
14442.5369126634,14471.4292392183,14471.4202588575,72.3191820829001,6.03507547225452,6.03630774903387,20,50.0,3
14442.5369126634,14471.4292392183,14471.4202588575,72.3191820829001,6.03507547225452,6.03630774903387,20,80.0,3
14442.5369126634,14471.4292392183,14471.4202588575,72.3191820829001,6.03507547225452,6.03630774903387,20,100.0,3
14445.819456934,14471.4035812553,14471.3946672684,62.1375213537401,6.03166411741816,6.03280455638881,25,0.001,3
14445.819456934,14471.4035812553,14471.3946672684,62.1375213537401,6.03166411741816,6.03280455638881,25,1.0,3
14445.819456934,14471.4035812553,14471.3946672684,62.1375213537401,6.03166411741816,6.03280455638881,25,5.0,3
14445.819456934,14471.4035812553,14471.3946672684,62.1375213537401,6.03166411741816,6.03280455638881,25,10.0,3
14445.819456934,14471.4035812553,14471.3946672684,62.1375213537401,6.03166411741816,6.03280455638881,25,20.0,3
14445.819456934,14471.4035812553,14471.3946672684,62.1375213537401,6.03166411741816,6.03280455638881,25,50.0,3
14445.819456934,14471.4035812553,14471.3946672684,62.1375213537401,6.03166411741816,6.03280455638881,25,80.0,3
14445.819456934,14471.4035812553,14471.3946672684,62.1375213537401,6.03166411741816,6.03280455638881,25,100.0,3
14448.4466157443,14471.4042366715,14471.3958030001,54.49142102159,6.03137199874084,6.03248949896967,30,0.001,3
14448.4466157443,14471.4042366715,14471.3958030001,54.49142102159,6.03137199874084,6.03248949896967,30,1.0,3
14448.4466157443,14471.4042366715,14471.3958030001,54.49142102159,6.03137199874084,6.03248949896967,30,5.0,3
14448.4466157443,14471.4042366715,14471.3958030001,54.49142102159,6.03137199874084,6.03248949896967,30,10.0,3
14448.4466157443,14471.4042366715,14471.3958030001,54.49142102159,6.03137199874084,6.03248949896967,30,20.0,3
14448.4466157443,14471.4042366715,14471.3958030001,54.49142102159,6.03137199874084,6.03248949896967,30,50.0,3
14448.4466157443,14471.4042366715,14471.3958030001,54.49142102159,6.03137199874084,6.03248949896967,30,80.0,3
14448.4466157443,14471.4042366715,14471.3958030001,54.49142102159,6.03137199874084,6.03248949896967,30,100.0,3
14450.6133564068,14471.3996406662,14471.3911209107,48.5408783066264,6.03074863336078,6.03184134548351,35,0.001,3
14450.6133564068,14471.3996406662,14471.3911209107,48.5408783066264,6.03074863336078,6.03184134548351,35,1.0,3
14450.6133564068,14471.3996406662,14471.3911209107,48.5408783066264,6.03074863336078,6.03184134548351,35,5.0,3
14450.6133564068,14471.3996406662,14471.3911209107,48.5408783066264,6.03074863336078,6.03184134548351,35,10.0,3
14450.6133564068,14471.3996406662,14471.3911209107,48.5408783066264,6.03074863336078,6.03184134548351,35,20.0,3
14450.6133564068,14471.3996406662,14471.3911209107,48.5408783066264,6.03074863336078,6.03184134548351,35,50.0,3
14450.6133564068,14471.3996406662,14471.3911209107,48.5408783066264,6.03074863336078,6.03184134548351,35,80.0,3
14450.6133564068,14471.3996406662,14471.3911209107,48.5408783066264,6.03074863336078,6.03184134548351,35,100.0,3
14452.4102121907,14471.3968112947,14471.3883909282,43.7796926674538,6.03041866644335,6.03146917712486,40,0.001,3
14452.4102121907,14471.3968112947,14471.3883909282,43.7796926674538,6.03041866644335,6.03146917712486,40,1.0,3
14452.4102121907,14471.3968112947,14471.3883909282,43.7796926674538,6.03041866644335,6.03146917712486,40,5.0,3
14452.4102121907,14471.3968112947,14471.3883909282,43.7796926674538,6.03041866644335,6.03146917712486,40,10.0,3
14452.4102121907,14471.3968112947,14471.3883909282,43.7796926674538,6.03041866644335,6.03146917712486,40,20.0,3
14452.4102121907,14471.3968112947,14471.3883909282,43.7796926674538,6.03041866644335,6.03146917712486,40,50.0,3
14452.4102121907,14471.3968112947,14471.3883909282,43.7796926674538,6.03041866644335,6.03146917712486,40,80.0,3
14452.4102121907,14471.3968112947,14471.3883909282,43.7796926674538,6.03041866644335,6.03146917712486,40,100.0,3
14453.9226391727,14471.3957807358,14471.3873830337,39.8852570506791,6.03035642206342,6.03136166076718,45,0.001,3
14453.9226391727,14471.3957807358,14471.3873830337,39.8852570506791,6.03035642206342,6.03136166076718,45,1.0,3
14453.9226391727,14471.3957807358,14471.3873830337,39.8852570506791,6.03035642206342,6.03136166076718,45,5.0,3
14453.9226391727,14471.3957807358,14471.3873830337,39.8852570506791,6.03035642206342,6.03136166076718,45,10.0,3
14453.9226391727,14471.3957807358,14471.3873830337,39.8852570506791,6.03035642206342,6.03136166076718,45,20.0,3
14453.9226391727,14471.3957807358,14471.3873830337,39.8852570506791,6.03035642206342,6.03136166076718,45,50.0,3
14453.9226391727,14471.3957807358,14471.3873830337,39.8852570506791,6.03035642206342,6.03136166076718,45,80.0,3
14453.9226391727,14471.3957807358,14471.3873830337,39.8852570506791,6.03035642206342,6.03136166076718,45,100.0,3
14455.2105209295,14471.3958144804,14471.3873813176,36.6418813324606,6.03056988415952,6.0315269814013,50,0.001,3
14455.2105209295,14471.3958144804,14471.3873813176,36.6418813324606,6.03056988415952,6.0315269814013,50,1.0,3
14455.2105209295,14471.3958144804,14471.3873813176,36.6418813324606,6.03056988415952,6.0315269814013,50,5.0,3
14455.2105209295,14471.3958144804,14471.3873813176,36.6418813324606,6.03056988415952,6.0315269814013,50,10.0,3
14455.2105209295,14471.3958144804,14471.3873813176,36.6418813324606,6.03056988415952,6.0315269814013,50,20.0,3
14455.2105209295,14471.3958144804,14471.3873813176,36.6418813324606,6.03056988415952,6.0315269814013,50,50.0,3
14455.2105209295,14471.3958144804,14471.3873813176,36.6418813324606,6.03056988415952,6.0315269814013,50,80.0,3
14455.2105209295,14471.3958144804,14471.3873813176,36.6418813324606,6.03056988415952,6.0315269814013,50,100.0,3
14456.3189533202,14471.3965726494,14471.3880536114,33.8999467894745,6.03105422890699,6.03196090735706,55,0.001,3
14456.3189533202,14471.3965726494,14471.3880536114,33.8999467894745,6.03105422890699,6.03196090735706,55,1.0,3
14456.3189533202,14471.3965726494,14471.3880536114,33.8999467894745,6.03105422890699,6.03196090735706,55,5.0,3
14456.3189533202,14471.3965726494,14471.3880536114,33.8999467894745,6.03105422890699,6.03196090735706,55,10.0,3
14456.3189533202,14471.3965726494,14471.3880536114,33.8999467894745,6.03105422890699,6.03196090735706,55,20.0,3
14456.3189533202,14471.3965726494,14471.3880536114,33.8999467894745,6.03105422890699,6.03196090735706,55,50.0,3
14456.3189533202,14471.3965726494,14471.3880536114,33.8999467894745,6.03105422890699,6.03196090735706,55,80.0,3
14456.3189533202,14471.3965726494,14471.3880536114,33.8999467894745,6.03105422890699,6.03196090735706,55,100.0,3
14457.2828789371,14471.3977504762,14471.3891304169,31.5524419068869,6.03171431639113,6.03257120628217,60,0.001,3
14457.2828789371,14471.3977504762,14471.3891304169,31.5524419068869,6.03171431639113,6.03257120628217,60,1.0,3
14457.2828789371,14471.3977504762,14471.3891304169,31.5524419068869,6.03171431639113,6.03257120628217,60,5.0,3
14457.2828789371,14471.3977504762,14471.3891304169,31.5524419068869,6.03171431639113,6.03257120628217,60,10.0,3
14457.2828789371,14471.3977504762,14471.3891304169,31.5524419068869,6.03171431639113,6.03257120628217,60,20.0,3
14457.2828789371,14471.3977504762,14471.3891304169,31.5524419068869,6.03171431639113,6.03257120628217,60,50.0,3
14457.2828789371,14471.3977504762,14471.3891304169,31.5524419068869,6.03171431639113,6.03257120628217,60,80.0,3
14457.2828789371,14471.3977504762,14471.3891304169,31.5524419068869,6.03171431639113,6.03257120628217,60,100.0,3
14458.1282124429,14471.3988651476,14471.3898872956,29.5208176702389,6.03239833286973,6.03319942764064,65,0.001,3
14458.1282124429,14471.3988651476,14471.3898872956,29.5208176702389,6.03239833286973,6.03319942764064,65,1.0,3
14458.1282124429,14471.3988651476,14471.3898872956,29.5208176702389,6.03239833286973,6.03319942764064,65,5.0,3
14458.1282124429,14471.3988651476,14471.3898872956,29.5208176702389,6.03239833286973,6.03319942764064,65,10.0,3
14458.1282124429,14471.3988651476,14471.3898872956,29.5208176702389,6.03239833286973,6.03319942764064,65,20.0,3
14458.1282124429,14471.3988651476,14471.3898872956,29.5208176702389,6.03239833286973,6.03319942764064,65,50.0,3
14458.1282124429,14471.3988651476,14471.3898872956,29.5208176702389,6.03239833286973,6.03319942764064,65,80.0,3
14458.1282124429,14471.3988651476,14471.3898872956,29.5208176702389,6.03239833286973,6.03319942764064,65,100.0,3
14458.8733919316,14471.3988643789,14471.3897949837,27.7460934462617,6.03294612102119,6.03370845558988,70,0.001,3
14458.8733919316,14471.3988643789,14471.3897949837,27.7460934462617,6.03294612102119,6.03370845558988,70,1.0,3
14458.8733919316,14471.3988643789,14471.3897949837,27.7460934462617,6.03294612102119,6.03370845558988,70,5.0,3
14458.8733919316,14471.3988643789,14471.3897949837,27.7460934462617,6.03294612102119,6.03370845558988,70,10.0,3
14458.8733919316,14471.3988643789,14471.3897949837,27.7460934462617,6.03294612102119,6.03370845558988,70,20.0,3
14458.8733919316,14471.3988643789,14471.3897949837,27.7460934462617,6.03294612102119,6.03370845558988,70,50.0,3
14458.8733919316,14471.3988643789,14471.3897949837,27.7460934462617,6.03294612102119,6.03370845558988,70,80.0,3
14458.8733919316,14471.3988643789,14471.3897949837,27.7460934462617,6.03294612102119,6.03370845558988,70,100.0,3
14459.5407389561,14471.3993889435,14471.3902948942,26.183171437323,6.03334740939224,6.03407969247778,75,0.001,3
14459.5407389561,14471.3993889435,14471.3902948942,26.183171437323,6.03334740939224,6.03407969247778,75,1.0,3
14459.5407389561,14471.3993889435,14471.3902948942,26.183171437323,6.03334740939224,6.03407969247778,75,5.0,3
14459.5407389561,14471.3993889435,14471.3902948942,26.183171437323,6.03334740939224,6.03407969247778,75,10.0,3
14459.5407389561,14471.3993889435,14471.3902948942,26.183171437323,6.03334740939224,6.03407969247778,75,20.0,3
14459.5407389561,14471.3993889435,14471.3902948942,26.183171437323,6.03334740939224,6.03407969247778,75,50.0,3
14459.5407389561,14471.3993889435,14471.3902948942,26.183171437323,6.03334740939224,6.03407969247778,75,80.0,3
14459.5407389561,14471.3993889435,14471.3902948942,26.183171437323,6.03334740939224,6.03407969247778,75,100.0,3
14460.1388315604,14471.3986819163,14471.3893659444,24.7968565204512,6.03352399467497,6.03422983152334,80,0.001,3
14460.1388315604,14471.3986819163,14471.3893659444,24.7968565204512,6.03352399467497,6.03422983152334,80,1.0,3
14460.1388315604,14471.3986819163,14471.3893659444,24.7968565204512,6.03352399467497,6.03422983152334,80,5.0,3
14460.1388315604,14471.3986819163,14471.3893659444,24.7968565204512,6.03352399467497,6.03422983152334,80,10.0,3
14460.1388315604,14471.3986819163,14471.3893659444,24.7968565204512,6.03352399467497,6.03422983152334,80,20.0,3
14460.1388315604,14471.3986819163,14471.3893659444,24.7968565204512,6.03352399467497,6.03422983152334,80,50.0,3
14460.1388315604,14471.3986819163,14471.3893659444,24.7968565204512,6.03352399467497,6.03422983152334,80,80.0,3
14460.1388315604,14471.3986819163,14471.3893659444,24.7968565204512,6.03352399467497,6.03422983152334,80,100.0,3
14460.6788997366,14471.3979037208,14471.3884896736,23.5593397738685,6.03350772320701,6.03419138128793,85,0.001,3
14460.6788997366,14471.3979037208,14471.3884896736,23.5593397738685,6.03350772320701,6.03419138128793,85,1.0,3
14460.6788997366,14471.3979037208,14471.3884896736,23.5593397738685,6.03350772320701,6.03419138128793,85,5.0,3
14460.6788997366,14471.3979037208,14471.3884896736,23.5593397738685,6.03350772320701,6.03419138128793,85,10.0,3
14460.6788997366,14471.3979037208,14471.3884896736,23.5593397738685,6.03350772320701,6.03419138128793,85,20.0,3
14460.6788997366,14471.3979037208,14471.3884896736,23.5593397738685,6.03350772320701,6.03419138128793,85,50.0,3
14460.6788997366,14471.3979037208,14471.3884896736,23.5593397738685,6.03350772320701,6.03419138128793,85,80.0,3
14460.6788997366,14471.3979037208,14471.3884896736,23.5593397738685,6.03350772320701,6.03419138128793,85,100.0,3
14461.1689596603,14471.3966951089,14471.3871946007,22.4483974423493,6.03332316476777,6.03398915305376,90,0.001,3
14461.1689596603,14471.3966951089,14471.3871946007,22.4483974423493,6.03332316476777,6.03398915305376,90,1.0,3
14461.1689596603,14471.3966951089,14471.3871946007,22.4483974423493,6.03332316476777,6.03398915305376,90,5.0,3
14461.1689596603,14471.3966951089,14471.3871946007,22.4483974423493,6.03332316476777,6.03398915305376,90,10.0,3
14461.1689596603,14471.3966951089,14471.3871946007,22.4483974423493,6.03332316476777,6.03398915305376,90,20.0,3
14461.1689596603,14471.3966951089,14471.3871946007,22.4483974423493,6.03332316476777,6.03398915305376,90,50.0,3
14461.1689596603,14471.3966951089,14471.3871946007,22.4483974423493,6.03332316476777,6.03398915305376,90,80.0,3
14461.1689596603,14471.3966951089,14471.3871946007,22.4483974423493,6.03332316476777,6.03398915305376,90,100.0,3
14461.6156742946,14471.3951249922,14471.385536998,21.4459905628291,6.03300095013168,6.03365196054293,95,0.001,3
14461.6156742946,14471.3951249922,14471.385536998,21.4459905628291,6.03300095013168,6.03365196054293,95,1.0,3
14461.6156742946,14471.3951249922,14471.385536998,21.4459905628291,6.03300095013168,6.03365196054293,95,5.0,3
14461.6156742946,14471.3951249922,14471.385536998,21.4459905628291,6.03300095013168,6.03365196054293,95,10.0,3
14461.6156742946,14471.3951249922,14471.385536998,21.4459905628291,6.03300095013168,6.03365196054293,95,20.0,3
14461.6156742946,14471.3951249922,14471.385536998,21.4459905628291,6.03300095013168,6.03365196054293,95,50.0,3
14461.6156742946,14471.3951249922,14471.385536998,21.4459905628291,6.03300095013168,6.03365196054293,95,80.0,3
14461.6156742946,14471.3951249922,14471.385536998,21.4459905628291,6.03300095013168,6.03365196054293,95,100.0,3
